,is__cell_barcode,passed_filters,TSS_enrichment
AACTTGGCATGCCCTT-1,1,59737,4.931818181818182
ACAAGCTCAGTAACGG-1,1,52396,4.876204876204876
ACCCAAATCGAGAAGC-1,1,58091,4.876862268166616
ACCGAATCATGCGTTA-1,1,55769,5.491651205936921
ACGGATTCATAGCAGG-1,1,52997,4.885455865848022
ACGTTAGTCCACACCT-1,1,57243,4.818181818181818
ACTAGGTTCACTACCC-1,1,59233,4.86082981308952
AGGACGAGTTACGAAA-1,1,52284,5.070422535211268
AGGCGAATCAGAACGG-1,1,57859,4.999184915502907
AGGCGTCGTATTCACG-1,1,52356,5.003050640634534
ATCCTCGGTTGAAGCG-1,1,57518,4.788909892879647
ATCGAGTCAGAAAGAG-1,1,53070,5.435938330675173
ATGTCGAAGATCACCT-1,1,51863,5.225117697765401
ATTACCTTCAACTTGG-1,1,55965,5.098157656297192
CAATCCCTCGGGAATG-1,1,54594,5.41220060870716
CCGAAGCCAATAGCGG-1,1,52830,4.88943488943489
CCTAAAGAGTACAGTA-1,1,52443,5.685170286940199
CTTGTCGCAGTATCTG-1,1,54316,5.786275006330717
GAACGTTAGTCTCGAT-1,1,53057,5.054594528278739
GATTAGCTCGCATACA-1,1,55728,4.944697462589461
GTAGGAGAGACCATAA-1,1,52186,5.67926455566905
GTAGGAGAGACTCTTG-1,1,57480,4.842820730671198
TAAGTGCTCACGATTG-1,1,52683,5.294421487603306
TAGCTTTGTACGGTTT-1,1,55319,4.733329594526387
TATGTTCTCTCGGCGA-1,1,52904,4.806834119597093
TCTCAGCGTAACCGAG-1,1,54375,5.496241076505149
TGATTTCGTCTTAGCA-1,1,53138,4.9712951864235695
TTACTTGCACTTTGGA-1,1,55468,4.832535885167465
TTCGATTCATGATCGT-1,1,52135,5.179390342595091
TTCGCGTCAAACGACG-1,1,54744,5.295339178587909
